Timestamp,MachineID,RepairID,RepairType,Component,RepairDescription,RepairDuration
2024-03-13,Machine_6,1,Type_1,Component_5,Type_1 performed on Component_5,25
2024-01-24,Machine_7,2,Type_1,Component_4,Type_1 performed on Component_4,6
2024-02-07,Machine_7,3,Type_1,Component_3,Type_1 performed on Component_3,5
2024-04-05,Machine_1,4,Type_3,Component_5,Type_3 performed on Component_5,18
2024-03-31,Machine_1,5,Type_4,Component_6,Type_4 performed on Component_6,19
2024-01-24,Machine_2,6,Type_3,Component_6,Type_3 performed on Component_6,12
2024-04-04,Machine_1,7,Type_3,Component_9,Type_3 performed on Component_9,24
2024-03-02,Machine_6,8,Type_4,Component_9,Type_4 performed on Component_9,11
2024-02-25,Machine_3,9,Type_1,Component_10,Type_1 performed on Component_10,15
2024-04-07,Machine_9,10,Type_2,Component_2,Type_2 performed on Component_2,1
2024-03-24,Machine_5,11,Type_1,Component_8,Type_1 performed on Component_8,31
2024-03-23,Machine_8,12,Type_4,Component_2,Type_4 performed on Component_2,26
2024-01-17,Machine_10,13,Type_1,Component_5,Type_1 performed on Component_5,20
2024-04-01,Machine_8,14,Type_2,Component_8,Type_2 performed on Component_8,44
2024-01-11,Machine_6,15,Type_5,Component_9,Type_5 performed on Component_9,17
2024-01-30,Machine_5,16,Type_3,Component_10,Type_3 performed on Component_10,25
2024-01-13,Machine_9,17,Type_4,Component_10,Type_4 performed on Component_10,39
2024-02-29,Machine_1,18,Type_3,Component_1,Type_3 performed on Component_1,26
2024-03-23,Machine_7,19,Type_4,Component_4,Type_4 performed on Component_4,4
2024-03-24,Machine_1,20,Type_5,Component_9,Type_5 performed on Component_9,21
2024-02-27,Machine_2,21,Type_3,Component_1,Type_3 performed on Component_1,17
2024-02-13,Machine_7,22,Type_1,Component_8,Type_1 performed on Component_8,48
2024-01-27,Machine_4,23,Type_3,Component_8,Type_3 performed on Component_8,30
2024-04-01,Machine_6,24,Type_3,Component_2,Type_3 performed on Component_2,33
2024-03-16,Machine_4,25,Type_2,Component_6,Type_2 performed on Component_6,24
2024-02-02,Machine_8,26,Type_4,Component_7,Type_4 performed on Component_7,36
2024-01-06,Machine_8,27,Type_4,Component_8,Type_4 performed on Component_8,23
2024-02-22,Machine_9,28,Type_5,Component_5,Type_5 performed on Component_5,43
2024-03-09,Machine_10,29,Type_2,Component_2,Type_2 performed on Component_2,26
2024-03-22,Machine_10,30,Type_3,Component_3,Type_3 performed on Component_3,43
2024-04-04,Machine_5,31,Type_1,Component_8,Type_1 performed on Component_8,35
2024-03-11,Machine_6,32,Type_3,Component_10,Type_3 performed on Component_10,40
2024-03-26,Machine_4,33,Type_5,Component_8,Type_5 performed on Component_8,14
2024-01-12,Machine_1,34,Type_1,Component_3,Type_1 performed on Component_3,27
2024-03-01,Machine_1,35,Type_3,Component_8,Type_3 performed on Component_8,32
2024-03-15,Machine_6,36,Type_2,Component_10,Type_2 performed on Component_10,48
2024-03-03,Machine_8,37,Type_5,Component_1,Type_5 performed on Component_1,23
2024-03-24,Machine_8,38,Type_1,Component_2,Type_1 performed on Component_2,15
2024-03-14,Machine_7,39,Type_1,Component_8,Type_1 performed on Component_8,16
2024-02-15,Machine_3,40,Type_2,Component_2,Type_2 performed on Component_2,23
2024-02-26,Machine_9,41,Type_4,Component_5,Type_4 performed on Component_5,15
2024-03-26,Machine_9,42,Type_3,Component_7,Type_3 performed on Component_7,28
2024-01-10,Machine_3,43,Type_3,Component_8,Type_3 performed on Component_8,45
2024-04-09,Machine_1,44,Type_4,Component_2,Type_4 performed on Component_2,23
2024-02-25,Machine_2,45,Type_5,Component_6,Type_5 performed on Component_6,18
2024-03-26,Machine_5,46,Type_5,Component_2,Type_5 performed on Component_2,37
2024-02-28,Machine_10,47,Type_3,Component_10,Type_3 performed on Component_10,33
2024-01-26,Machine_3,48,Type_5,Component_3,Type_5 performed on Component_3,28
2024-02-19,Machine_6,49,Type_2,Component_3,Type_2 performed on Component_3,28
2024-01-03,Machine_6,50,Type_4,Component_6,Type_4 performed on Component_6,31
2024-02-20,Machine_2,51,Type_1,Component_5,Type_1 performed on Component_5,18
2024-01-12,Machine_6,52,Type_2,Component_9,Type_2 performed on Component_9,16
2024-04-07,Machine_2,53,Type_1,Component_3,Type_1 performed on Component_3,38
2024-01-01,Machine_7,54,Type_3,Component_3,Type_3 performed on Component_3,15
2024-01-21,Machine_10,55,Type_5,Component_5,Type_5 performed on Component_5,33
2024-02-28,Machine_3,56,Type_1,Component_5,Type_1 performed on Component_5,29
2024-03-02,Machine_1,57,Type_2,Component_1,Type_2 performed on Component_1,26
2024-01-11,Machine_8,58,Type_3,Component_7,Type_3 performed on Component_7,26
2024-02-16,Machine_10,59,Type_2,Component_9,Type_2 performed on Component_9,12
2024-03-09,Machine_8,60,Type_5,Component_1,Type_5 performed on Component_1,38
2024-01-29,Machine_9,61,Type_2,Component_10,Type_2 performed on Component_10,36
2024-01-06,Machine_6,62,Type_3,Component_8,Type_3 performed on Component_8,7
2024-02-13,Machine_1,63,Type_5,Component_9,Type_5 performed on Component_9,24
2024-02-16,Machine_4,64,Type_5,Component_7,Type_5 performed on Component_7,31
2024-01-13,Machine_8,65,Type_2,Component_9,Type_2 performed on Component_9,5
2024-01-18,Machine_4,66,Type_2,Component_6,Type_2 performed on Component_6,12
2024-02-29,Machine_1,67,Type_1,Component_8,Type_1 performed on Component_8,26
2024-01-26,Machine_8,68,Type_4,Component_5,Type_4 performed on Component_5,26
2024-01-23,Machine_10,69,Type_3,Component_9,Type_3 performed on Component_9,32
2024-01-27,Machine_8,70,Type_5,Component_10,Type_5 performed on Component_10,33
2024-03-20,Machine_6,71,Type_1,Component_8,Type_1 performed on Component_8,28
2024-03-16,Machine_10,72,Type_4,Component_8,Type_4 performed on Component_8,1
2024-04-01,Machine_2,73,Type_2,Component_8,Type_2 performed on Component_8,42
2024-02-11,Machine_4,74,Type_2,Component_4,Type_2 performed on Component_4,9
2024-02-12,Machine_4,75,Type_3,Component_8,Type_3 performed on Component_8,24
2024-02-01,Machine_10,76,Type_4,Component_8,Type_4 performed on Component_8,32
2024-03-29,Machine_6,77,Type_5,Component_4,Type_5 performed on Component_4,1
2024-02-02,Machine_10,78,Type_5,Component_7,Type_5 performed on Component_7,44
2024-03-30,Machine_2,79,Type_3,Component_10,Type_3 performed on Component_10,20
2024-03-17,Machine_4,80,Type_3,Component_8,Type_3 performed on Component_8,28
2024-02-02,Machine_6,81,Type_2,Component_1,Type_2 performed on Component_1,37
2024-03-17,Machine_5,82,Type_4,Component_1,Type_4 performed on Component_1,10
2024-02-10,Machine_1,83,Type_4,Component_9,Type_4 performed on Component_9,5
2024-03-20,Machine_3,84,Type_4,Component_8,Type_4 performed on Component_8,26
2024-01-13,Machine_8,85,Type_5,Component_4,Type_5 performed on Component_4,32
2024-03-07,Machine_6,86,Type_4,Component_5,Type_4 performed on Component_5,39
2024-01-19,Machine_10,87,Type_2,Component_9,Type_2 performed on Component_9,27
2024-01-12,Machine_4,88,Type_3,Component_7,Type_3 performed on Component_7,28
2024-01-13,Machine_3,89,Type_1,Component_2,Type_1 performed on Component_2,27
2024-03-05,Machine_6,90,Type_1,Component_8,Type_1 performed on Component_8,4
2024-01-31,Machine_10,91,Type_1,Component_3,Type_1 performed on Component_3,33
2024-02-09,Machine_3,92,Type_5,Component_3,Type_5 performed on Component_3,16
2024-01-04,Machine_10,93,Type_2,Component_8,Type_2 performed on Component_8,28
2024-02-16,Machine_4,94,Type_5,Component_3,Type_5 performed on Component_3,23
2024-04-02,Machine_5,95,Type_3,Component_1,Type_3 performed on Component_1,3
2024-01-04,Machine_10,96,Type_3,Component_6,Type_3 performed on Component_6,8
2024-02-21,Machine_7,97,Type_5,Component_10,Type_5 performed on Component_10,5
2024-03-29,Machine_2,98,Type_3,Component_4,Type_3 performed on Component_4,10
2024-03-06,Machine_1,99,Type_1,Component_2,Type_1 performed on Component_2,42
2024-02-24,Machine_2,100,Type_3,Component_8,Type_3 performed on Component_8,32
2024-02-11,Machine_3,101,Type_4,Component_3,Type_4 performed on Component_3,21
2024-03-15,Machine_10,102,Type_2,Component_5,Type_2 performed on Component_5,16
2024-01-13,Machine_7,103,Type_3,Component_2,Type_3 performed on Component_2,6
2024-01-23,Machine_4,104,Type_1,Component_6,Type_1 performed on Component_6,25
2024-03-26,Machine_5,105,Type_4,Component_10,Type_4 performed on Component_10,9
2024-02-12,Machine_3,106,Type_2,Component_3,Type_2 performed on Component_3,6
2024-02-25,Machine_10,107,Type_2,Component_8,Type_2 performed on Component_8,20
2024-03-24,Machine_1,108,Type_4,Component_4,Type_4 performed on Component_4,35
2024-03-18,Machine_10,109,Type_5,Component_2,Type_5 performed on Component_2,4
2024-03-12,Machine_8,110,Type_4,Component_10,Type_4 performed on Component_10,7
2024-01-15,Machine_5,111,Type_3,Component_1,Type_3 performed on Component_1,22
2024-03-31,Machine_6,112,Type_1,Component_5,Type_1 performed on Component_5,43
2024-04-06,Machine_3,113,Type_4,Component_9,Type_4 performed on Component_9,47
2024-02-28,Machine_2,114,Type_1,Component_3,Type_1 performed on Component_3,42
2024-01-30,Machine_4,115,Type_4,Component_1,Type_4 performed on Component_1,20
2024-02-15,Machine_10,116,Type_5,Component_9,Type_5 performed on Component_9,41
2024-01-13,Machine_5,117,Type_2,Component_1,Type_2 performed on Component_1,5
2024-01-26,Machine_7,118,Type_2,Component_4,Type_2 performed on Component_4,35
2024-02-29,Machine_3,119,Type_3,Component_6,Type_3 performed on Component_6,41
2024-02-29,Machine_7,120,Type_5,Component_3,Type_5 performed on Component_3,6
2024-03-02,Machine_2,121,Type_2,Component_3,Type_2 performed on Component_3,26
2024-01-02,Machine_7,122,Type_1,Component_3,Type_1 performed on Component_3,12
2024-03-24,Machine_6,123,Type_5,Component_3,Type_5 performed on Component_3,17
2024-02-26,Machine_10,124,Type_4,Component_5,Type_4 performed on Component_5,18
2024-01-08,Machine_3,125,Type_2,Component_7,Type_2 performed on Component_7,45
2024-03-29,Machine_1,126,Type_1,Component_3,Type_1 performed on Component_3,2
2024-01-09,Machine_8,127,Type_4,Component_10,Type_4 performed on Component_10,47
2024-03-01,Machine_10,128,Type_2,Component_3,Type_2 performed on Component_3,15
2024-03-08,Machine_4,129,Type_1,Component_9,Type_1 performed on Component_9,44
2024-01-07,Machine_1,130,Type_5,Component_2,Type_5 performed on Component_2,26
2024-01-29,Machine_4,131,Type_5,Component_8,Type_5 performed on Component_8,47
2024-02-11,Machine_10,132,Type_3,Component_6,Type_3 performed on Component_6,32
2024-01-29,Machine_9,133,Type_1,Component_8,Type_1 performed on Component_8,38
2024-01-25,Machine_4,134,Type_3,Component_5,Type_3 performed on Component_5,24
2024-01-18,Machine_1,135,Type_4,Component_2,Type_4 performed on Component_2,29
2024-01-12,Machine_10,136,Type_3,Component_7,Type_3 performed on Component_7,34
2024-01-30,Machine_6,137,Type_3,Component_5,Type_3 performed on Component_5,44
2024-02-25,Machine_9,138,Type_2,Component_8,Type_2 performed on Component_8,34
2024-02-22,Machine_2,139,Type_3,Component_9,Type_3 performed on Component_9,3
2024-02-06,Machine_8,140,Type_3,Component_4,Type_3 performed on Component_4,40
2024-02-08,Machine_7,141,Type_2,Component_8,Type_2 performed on Component_8,5
2024-01-10,Machine_9,142,Type_5,Component_4,Type_5 performed on Component_4,31
2024-02-16,Machine_5,143,Type_3,Component_6,Type_3 performed on Component_6,10
2024-03-29,Machine_9,144,Type_2,Component_3,Type_2 performed on Component_3,43
2024-02-10,Machine_4,145,Type_5,Component_10,Type_5 performed on Component_10,19
2024-01-23,Machine_6,146,Type_2,Component_1,Type_2 performed on Component_1,31
2024-03-11,Machine_3,147,Type_3,Component_3,Type_3 performed on Component_3,27
2024-02-16,Machine_10,148,Type_3,Component_8,Type_3 performed on Component_8,9
2024-01-23,Machine_6,149,Type_5,Component_6,Type_5 performed on Component_6,23
2024-03-10,Machine_10,150,Type_1,Component_2,Type_1 performed on Component_2,18
2024-01-10,Machine_9,151,Type_3,Component_7,Type_3 performed on Component_7,35
2024-02-16,Machine_6,152,Type_5,Component_7,Type_5 performed on Component_7,27
2024-03-28,Machine_5,153,Type_4,Component_3,Type_4 performed on Component_3,22
2024-03-14,Machine_3,154,Type_5,Component_4,Type_5 performed on Component_4,15
2024-03-20,Machine_5,155,Type_5,Component_3,Type_5 performed on Component_3,46
2024-01-11,Machine_10,156,Type_1,Component_2,Type_1 performed on Component_2,25
2024-03-21,Machine_9,157,Type_1,Component_9,Type_1 performed on Component_9,42
2024-01-23,Machine_10,158,Type_2,Component_3,Type_2 performed on Component_3,22
2024-02-17,Machine_5,159,Type_3,Component_8,Type_3 performed on Component_8,8
2024-04-05,Machine_4,160,Type_3,Component_3,Type_3 performed on Component_3,5
2024-02-20,Machine_7,161,Type_2,Component_7,Type_2 performed on Component_7,34
2024-04-04,Machine_6,162,Type_1,Component_3,Type_1 performed on Component_3,31
2024-03-29,Machine_2,163,Type_4,Component_6,Type_4 performed on Component_6,39
2024-02-08,Machine_7,164,Type_3,Component_5,Type_3 performed on Component_5,47
2024-02-27,Machine_2,165,Type_3,Component_7,Type_3 performed on Component_7,36
2024-01-11,Machine_4,166,Type_5,Component_1,Type_5 performed on Component_1,37
2024-03-14,Machine_3,167,Type_3,Component_6,Type_3 performed on Component_6,8
2024-03-25,Machine_10,168,Type_5,Component_10,Type_5 performed on Component_10,21
2024-01-15,Machine_1,169,Type_3,Component_9,Type_3 performed on Component_9,30
2024-02-06,Machine_8,170,Type_3,Component_9,Type_3 performed on Component_9,43
2024-02-07,Machine_3,171,Type_5,Component_10,Type_5 performed on Component_10,46
2024-03-09,Machine_9,172,Type_5,Component_1,Type_5 performed on Component_1,12
2024-03-29,Machine_5,173,Type_5,Component_9,Type_5 performed on Component_9,29
2024-01-21,Machine_9,174,Type_2,Component_2,Type_2 performed on Component_2,10
2024-01-21,Machine_10,175,Type_5,Component_4,Type_5 performed on Component_4,21
2024-03-27,Machine_5,176,Type_1,Component_1,Type_1 performed on Component_1,12
2024-03-26,Machine_7,177,Type_3,Component_7,Type_3 performed on Component_7,9
2024-03-06,Machine_7,178,Type_3,Component_9,Type_3 performed on Component_9,44
2024-01-17,Machine_6,179,Type_5,Component_3,Type_5 performed on Component_3,42
2024-01-28,Machine_4,180,Type_3,Component_6,Type_3 performed on Component_6,5
2024-01-09,Machine_2,181,Type_4,Component_5,Type_4 performed on Component_5,9
2024-01-16,Machine_5,182,Type_3,Component_5,Type_3 performed on Component_5,35
2024-01-29,Machine_8,183,Type_3,Component_5,Type_3 performed on Component_5,19
2024-04-02,Machine_6,184,Type_5,Component_7,Type_5 performed on Component_7,38
2024-01-19,Machine_6,185,Type_3,Component_3,Type_3 performed on Component_3,13
2024-03-20,Machine_2,186,Type_1,Component_3,Type_1 performed on Component_3,28
2024-03-02,Machine_4,187,Type_3,Component_8,Type_3 performed on Component_8,2
2024-03-21,Machine_10,188,Type_5,Component_10,Type_5 performed on Component_10,25
2024-01-21,Machine_6,189,Type_2,Component_7,Type_2 performed on Component_7,31
2024-01-25,Machine_4,190,Type_3,Component_6,Type_3 performed on Component_6,40
2024-03-05,Machine_6,191,Type_4,Component_1,Type_4 performed on Component_1,21
2024-03-12,Machine_10,192,Type_5,Component_8,Type_5 performed on Component_8,13
2024-02-28,Machine_4,193,Type_1,Component_6,Type_1 performed on Component_6,25
2024-01-04,Machine_2,194,Type_4,Component_5,Type_4 performed on Component_5,43
2024-01-16,Machine_10,195,Type_3,Component_8,Type_3 performed on Component_8,46
2024-02-03,Machine_4,196,Type_4,Component_5,Type_4 performed on Component_5,45
2024-01-01,Machine_3,197,Type_1,Component_8,Type_1 performed on Component_8,18
2024-02-27,Machine_7,198,Type_5,Component_3,Type_5 performed on Component_3,36
2024-01-03,Machine_6,199,Type_3,Component_4,Type_3 performed on Component_4,17
2024-03-24,Machine_8,200,Type_4,Component_1,Type_4 performed on Component_1,43
2024-01-06,Machine_2,201,Type_5,Component_5,Type_5 performed on Component_5,44
2024-03-06,Machine_7,202,Type_1,Component_1,Type_1 performed on Component_1,21
2024-02-27,Machine_4,203,Type_4,Component_2,Type_4 performed on Component_2,40
2024-03-27,Machine_6,204,Type_5,Component_6,Type_5 performed on Component_6,25
2024-01-07,Machine_10,205,Type_1,Component_7,Type_1 performed on Component_7,9
2024-01-10,Machine_2,206,Type_4,Component_8,Type_4 performed on Component_8,20
2024-01-05,Machine_2,207,Type_1,Component_1,Type_1 performed on Component_1,17
2024-02-17,Machine_4,208,Type_5,Component_6,Type_5 performed on Component_6,23
2024-02-21,Machine_10,209,Type_1,Component_10,Type_1 performed on Component_10,28
2024-01-06,Machine_9,210,Type_3,Component_8,Type_3 performed on Component_8,46
2024-02-13,Machine_6,211,Type_1,Component_5,Type_1 performed on Component_5,23
2024-03-20,Machine_6,212,Type_5,Component_5,Type_5 performed on Component_5,16
2024-01-27,Machine_8,213,Type_2,Component_7,Type_2 performed on Component_7,8
2024-03-12,Machine_7,214,Type_5,Component_2,Type_5 performed on Component_2,46
2024-02-03,Machine_10,215,Type_5,Component_3,Type_5 performed on Component_3,29
2024-03-30,Machine_6,216,Type_3,Component_1,Type_3 performed on Component_1,8
2024-03-02,Machine_8,217,Type_5,Component_4,Type_5 performed on Component_4,44
2024-01-07,Machine_1,218,Type_1,Component_10,Type_1 performed on Component_10,1
2024-03-06,Machine_1,219,Type_2,Component_3,Type_2 performed on Component_3,43
2024-03-01,Machine_3,220,Type_5,Component_10,Type_5 performed on Component_10,37
2024-03-15,Machine_3,221,Type_2,Component_5,Type_2 performed on Component_5,12
2024-02-13,Machine_7,222,Type_2,Component_7,Type_2 performed on Component_7,36
2024-01-02,Machine_7,223,Type_2,Component_2,Type_2 performed on Component_2,47
2024-04-04,Machine_2,224,Type_5,Component_3,Type_5 performed on Component_3,27
2024-02-25,Machine_7,225,Type_1,Component_2,Type_1 performed on Component_2,48
2024-02-24,Machine_7,226,Type_1,Component_6,Type_1 performed on Component_6,13
2024-01-13,Machine_9,227,Type_1,Component_6,Type_1 performed on Component_6,32
2024-01-06,Machine_4,228,Type_3,Component_6,Type_3 performed on Component_6,11
2024-04-08,Machine_7,229,Type_1,Component_2,Type_1 performed on Component_2,11
2024-01-05,Machine_6,230,Type_1,Component_10,Type_1 performed on Component_10,18
2024-02-21,Machine_3,231,Type_3,Component_4,Type_3 performed on Component_4,34
2024-02-21,Machine_6,232,Type_1,Component_5,Type_1 performed on Component_5,4
2024-03-01,Machine_1,233,Type_3,Component_1,Type_3 performed on Component_1,20
2024-03-19,Machine_6,234,Type_2,Component_7,Type_2 performed on Component_7,6
2024-03-04,Machine_3,235,Type_4,Component_1,Type_4 performed on Component_1,41
2024-01-28,Machine_2,236,Type_5,Component_3,Type_5 performed on Component_3,26
2024-01-07,Machine_8,237,Type_5,Component_3,Type_5 performed on Component_3,36
2024-01-22,Machine_2,238,Type_1,Component_3,Type_1 performed on Component_3,7
2024-02-17,Machine_6,239,Type_5,Component_10,Type_5 performed on Component_10,23
2024-03-26,Machine_5,240,Type_2,Component_2,Type_2 performed on Component_2,9
2024-02-24,Machine_8,241,Type_1,Component_1,Type_1 performed on Component_1,8
2024-03-31,Machine_5,242,Type_3,Component_6,Type_3 performed on Component_6,17
2024-02-12,Machine_10,243,Type_4,Component_7,Type_4 performed on Component_7,11
2024-02-24,Machine_9,244,Type_2,Component_1,Type_2 performed on Component_1,38
2024-01-09,Machine_4,245,Type_4,Component_4,Type_4 performed on Component_4,26
2024-03-28,Machine_8,246,Type_2,Component_5,Type_2 performed on Component_5,8
2024-03-21,Machine_5,247,Type_3,Component_10,Type_3 performed on Component_10,32
2024-03-24,Machine_4,248,Type_3,Component_4,Type_3 performed on Component_4,45
2024-03-15,Machine_10,249,Type_5,Component_1,Type_5 performed on Component_1,43
2024-02-09,Machine_9,250,Type_4,Component_3,Type_4 performed on Component_3,8
2024-02-11,Machine_4,251,Type_3,Component_1,Type_3 performed on Component_1,36
2024-03-27,Machine_4,252,Type_2,Component_3,Type_2 performed on Component_3,16
2024-03-03,Machine_5,253,Type_1,Component_9,Type_1 performed on Component_9,3
2024-02-22,Machine_2,254,Type_5,Component_10,Type_5 performed on Component_10,23
2024-02-04,Machine_5,255,Type_2,Component_7,Type_2 performed on Component_7,31
2024-01-04,Machine_7,256,Type_2,Component_7,Type_2 performed on Component_7,6
2024-01-19,Machine_3,257,Type_1,Component_9,Type_1 performed on Component_9,3
2024-01-26,Machine_2,258,Type_2,Component_6,Type_2 performed on Component_6,19
2024-01-05,Machine_2,259,Type_3,Component_6,Type_3 performed on Component_6,34
2024-04-05,Machine_5,260,Type_4,Component_4,Type_4 performed on Component_4,34
2024-01-15,Machine_5,261,Type_2,Component_5,Type_2 performed on Component_5,6
2024-03-25,Machine_10,262,Type_2,Component_6,Type_2 performed on Component_6,19
2024-02-12,Machine_3,263,Type_5,Component_9,Type_5 performed on Component_9,41
2024-02-23,Machine_4,264,Type_2,Component_8,Type_2 performed on Component_8,27
2024-02-21,Machine_3,265,Type_2,Component_2,Type_2 performed on Component_2,31
2024-01-20,Machine_1,266,Type_3,Component_1,Type_3 performed on Component_1,12
2024-04-06,Machine_6,267,Type_4,Component_5,Type_4 performed on Component_5,45
2024-03-04,Machine_2,268,Type_2,Component_1,Type_2 performed on Component_1,28
2024-02-24,Machine_7,269,Type_2,Component_7,Type_2 performed on Component_7,12
2024-02-28,Machine_10,270,Type_3,Component_6,Type_3 performed on Component_6,6
2024-02-18,Machine_10,271,Type_4,Component_2,Type_4 performed on Component_2,40
2024-02-25,Machine_9,272,Type_4,Component_5,Type_4 performed on Component_5,28
2024-01-09,Machine_7,273,Type_4,Component_10,Type_4 performed on Component_10,14
2024-01-17,Machine_6,274,Type_1,Component_2,Type_1 performed on Component_2,27
2024-01-22,Machine_5,275,Type_1,Component_5,Type_1 performed on Component_5,6
2024-01-08,Machine_3,276,Type_5,Component_4,Type_5 performed on Component_4,23
2024-03-11,Machine_7,277,Type_5,Component_9,Type_5 performed on Component_9,8
2024-01-11,Machine_3,278,Type_4,Component_5,Type_4 performed on Component_5,33
2024-03-01,Machine_2,279,Type_4,Component_9,Type_4 performed on Component_9,18
2024-01-26,Machine_5,280,Type_5,Component_7,Type_5 performed on Component_7,19
2024-02-22,Machine_6,281,Type_1,Component_7,Type_1 performed on Component_7,37
2024-01-20,Machine_9,282,Type_1,Component_5,Type_1 performed on Component_5,38
2024-02-10,Machine_10,283,Type_5,Component_5,Type_5 performed on Component_5,20
2024-02-26,Machine_3,284,Type_4,Component_9,Type_4 performed on Component_9,27
2024-03-10,Machine_6,285,Type_4,Component_8,Type_4 performed on Component_8,9
2024-01-28,Machine_8,286,Type_2,Component_1,Type_2 performed on Component_1,13
2024-03-04,Machine_9,287,Type_2,Component_6,Type_2 performed on Component_6,25
2024-02-05,Machine_6,288,Type_3,Component_9,Type_3 performed on Component_9,27
2024-03-13,Machine_9,289,Type_3,Component_2,Type_3 performed on Component_2,23
2024-02-04,Machine_2,290,Type_2,Component_4,Type_2 performed on Component_4,30
2024-02-18,Machine_2,291,Type_4,Component_6,Type_4 performed on Component_6,8
2024-02-12,Machine_5,292,Type_1,Component_3,Type_1 performed on Component_3,48
2024-03-01,Machine_5,293,Type_5,Component_5,Type_5 performed on Component_5,31
2024-02-09,Machine_8,294,Type_1,Component_7,Type_1 performed on Component_7,19
2024-01-15,Machine_9,295,Type_2,Component_10,Type_2 performed on Component_10,4
2024-03-23,Machine_5,296,Type_2,Component_2,Type_2 performed on Component_2,13
2024-02-03,Machine_10,297,Type_3,Component_10,Type_3 performed on Component_10,21
2024-01-15,Machine_6,298,Type_2,Component_8,Type_2 performed on Component_8,3
2024-02-03,Machine_5,299,Type_5,Component_4,Type_5 performed on Component_4,9
2024-03-22,Machine_8,300,Type_3,Component_5,Type_3 performed on Component_5,37
2024-01-24,Machine_2,301,Type_4,Component_2,Type_4 performed on Component_2,7
2024-02-23,Machine_6,302,Type_2,Component_6,Type_2 performed on Component_6,24
2024-02-22,Machine_5,303,Type_1,Component_10,Type_1 performed on Component_10,37
2024-02-05,Machine_1,304,Type_2,Component_6,Type_2 performed on Component_6,41
2024-02-03,Machine_3,305,Type_3,Component_10,Type_3 performed on Component_10,15
2024-02-03,Machine_7,306,Type_4,Component_4,Type_4 performed on Component_4,26
2024-02-19,Machine_7,307,Type_1,Component_4,Type_1 performed on Component_4,48
2024-04-09,Machine_2,308,Type_5,Component_7,Type_5 performed on Component_7,18
2024-03-12,Machine_6,309,Type_1,Component_9,Type_1 performed on Component_9,32
2024-03-12,Machine_2,310,Type_1,Component_8,Type_1 performed on Component_8,26
2024-01-07,Machine_1,311,Type_1,Component_2,Type_1 performed on Component_2,41
2024-02-19,Machine_7,312,Type_1,Component_4,Type_1 performed on Component_4,26
2024-02-27,Machine_4,313,Type_4,Component_6,Type_4 performed on Component_6,17
2024-03-25,Machine_6,314,Type_4,Component_2,Type_4 performed on Component_2,31
2024-01-24,Machine_1,315,Type_2,Component_1,Type_2 performed on Component_1,1
2024-04-04,Machine_4,316,Type_3,Component_6,Type_3 performed on Component_6,39
2024-01-16,Machine_2,317,Type_4,Component_1,Type_4 performed on Component_1,48
2024-03-19,Machine_3,318,Type_1,Component_4,Type_1 performed on Component_4,38
2024-01-29,Machine_2,319,Type_5,Component_9,Type_5 performed on Component_9,9
2024-03-04,Machine_7,320,Type_3,Component_7,Type_3 performed on Component_7,8
2024-03-18,Machine_7,321,Type_5,Component_7,Type_5 performed on Component_7,34
2024-01-26,Machine_4,322,Type_1,Component_3,Type_1 performed on Component_3,34
2024-02-14,Machine_3,323,Type_2,Component_9,Type_2 performed on Component_9,48
2024-02-03,Machine_9,324,Type_4,Component_10,Type_4 performed on Component_10,23
2024-03-14,Machine_2,325,Type_5,Component_8,Type_5 performed on Component_8,17
2024-01-20,Machine_4,326,Type_4,Component_4,Type_4 performed on Component_4,23
2024-01-26,Machine_1,327,Type_1,Component_1,Type_1 performed on Component_1,36
2024-01-26,Machine_5,328,Type_4,Component_6,Type_4 performed on Component_6,11
2024-01-15,Machine_8,329,Type_2,Component_9,Type_2 performed on Component_9,42
2024-03-01,Machine_6,330,Type_2,Component_2,Type_2 performed on Component_2,1
2024-02-04,Machine_9,331,Type_2,Component_6,Type_2 performed on Component_6,48
2024-03-30,Machine_8,332,Type_2,Component_3,Type_2 performed on Component_3,35
2024-02-01,Machine_2,333,Type_4,Component_2,Type_4 performed on Component_2,5
2024-02-23,Machine_4,334,Type_3,Component_7,Type_3 performed on Component_7,37
2024-02-27,Machine_7,335,Type_4,Component_3,Type_4 performed on Component_3,40
2024-01-15,Machine_7,336,Type_3,Component_9,Type_3 performed on Component_9,43
2024-02-15,Machine_1,337,Type_5,Component_8,Type_5 performed on Component_8,35
2024-01-04,Machine_2,338,Type_3,Component_10,Type_3 performed on Component_10,17
2024-04-04,Machine_6,339,Type_1,Component_1,Type_1 performed on Component_1,15
2024-02-27,Machine_2,340,Type_3,Component_10,Type_3 performed on Component_10,33
2024-03-09,Machine_4,341,Type_5,Component_6,Type_5 performed on Component_6,7
2024-04-07,Machine_7,342,Type_1,Component_6,Type_1 performed on Component_6,29
2024-03-05,Machine_7,343,Type_4,Component_2,Type_4 performed on Component_2,48
2024-03-28,Machine_5,344,Type_3,Component_9,Type_3 performed on Component_9,16
2024-03-29,Machine_6,345,Type_1,Component_8,Type_1 performed on Component_8,41
2024-01-31,Machine_8,346,Type_4,Component_5,Type_4 performed on Component_5,27
2024-01-23,Machine_9,347,Type_5,Component_5,Type_5 performed on Component_5,19
2024-04-09,Machine_9,348,Type_2,Component_3,Type_2 performed on Component_3,42
2024-01-01,Machine_8,349,Type_5,Component_3,Type_5 performed on Component_3,11
2024-01-23,Machine_8,350,Type_1,Component_5,Type_1 performed on Component_5,3
2024-03-17,Machine_6,351,Type_5,Component_6,Type_5 performed on Component_6,19
2024-02-02,Machine_10,352,Type_1,Component_8,Type_1 performed on Component_8,19
2024-03-26,Machine_4,353,Type_2,Component_10,Type_2 performed on Component_10,14
2024-04-05,Machine_6,354,Type_1,Component_6,Type_1 performed on Component_6,41
2024-01-20,Machine_7,355,Type_3,Component_10,Type_3 performed on Component_10,9
2024-01-10,Machine_2,356,Type_2,Component_3,Type_2 performed on Component_3,2
2024-01-31,Machine_5,357,Type_1,Component_8,Type_1 performed on Component_8,46
2024-02-09,Machine_2,358,Type_1,Component_2,Type_1 performed on Component_2,43
2024-02-25,Machine_9,359,Type_1,Component_5,Type_1 performed on Component_5,37
2024-03-23,Machine_10,360,Type_4,Component_2,Type_4 performed on Component_2,27
2024-01-04,Machine_7,361,Type_1,Component_8,Type_1 performed on Component_8,28
2024-04-08,Machine_4,362,Type_2,Component_8,Type_2 performed on Component_8,21
2024-04-08,Machine_8,363,Type_3,Component_8,Type_3 performed on Component_8,23
2024-03-01,Machine_6,364,Type_2,Component_6,Type_2 performed on Component_6,15
2024-02-20,Machine_7,365,Type_5,Component_7,Type_5 performed on Component_7,40
2024-04-01,Machine_5,366,Type_3,Component_4,Type_3 performed on Component_4,23
2024-02-24,Machine_4,367,Type_4,Component_4,Type_4 performed on Component_4,18
2024-03-25,Machine_3,368,Type_3,Component_1,Type_3 performed on Component_1,33
2024-03-25,Machine_3,369,Type_1,Component_6,Type_1 performed on Component_6,21
2024-01-12,Machine_10,370,Type_2,Component_6,Type_2 performed on Component_6,18
2024-02-07,Machine_1,371,Type_5,Component_4,Type_5 performed on Component_4,21
2024-01-21,Machine_10,372,Type_2,Component_1,Type_2 performed on Component_1,12
2024-02-11,Machine_3,373,Type_4,Component_4,Type_4 performed on Component_4,17
2024-01-25,Machine_2,374,Type_3,Component_6,Type_3 performed on Component_6,37
2024-03-07,Machine_3,375,Type_2,Component_6,Type_2 performed on Component_6,28
2024-02-01,Machine_6,376,Type_4,Component_8,Type_4 performed on Component_8,24
2024-02-23,Machine_5,377,Type_2,Component_1,Type_2 performed on Component_1,18
2024-01-29,Machine_6,378,Type_4,Component_5,Type_4 performed on Component_5,32
2024-01-16,Machine_7,379,Type_2,Component_5,Type_2 performed on Component_5,44
2024-03-22,Machine_10,380,Type_1,Component_9,Type_1 performed on Component_9,43
2024-02-16,Machine_7,381,Type_2,Component_7,Type_2 performed on Component_7,17
2024-01-16,Machine_4,382,Type_4,Component_5,Type_4 performed on Component_5,9
2024-01-22,Machine_7,383,Type_5,Component_7,Type_5 performed on Component_7,19
2024-01-28,Machine_7,384,Type_4,Component_9,Type_4 performed on Component_9,47
2024-01-08,Machine_8,385,Type_2,Component_3,Type_2 performed on Component_3,45
2024-02-23,Machine_8,386,Type_3,Component_8,Type_3 performed on Component_8,33
2024-02-23,Machine_7,387,Type_2,Component_8,Type_2 performed on Component_8,22
2024-03-08,Machine_2,388,Type_2,Component_10,Type_2 performed on Component_10,10
2024-01-21,Machine_1,389,Type_4,Component_3,Type_4 performed on Component_3,47
2024-02-10,Machine_7,390,Type_2,Component_1,Type_2 performed on Component_1,35
2024-01-29,Machine_8,391,Type_2,Component_10,Type_2 performed on Component_10,15
2024-03-31,Machine_3,392,Type_2,Component_7,Type_2 performed on Component_7,33
2024-03-16,Machine_5,393,Type_4,Component_1,Type_4 performed on Component_1,28
2024-02-01,Machine_9,394,Type_2,Component_4,Type_2 performed on Component_4,45
2024-02-18,Machine_5,395,Type_2,Component_8,Type_2 performed on Component_8,47
2024-04-09,Machine_1,396,Type_4,Component_7,Type_4 performed on Component_7,14
2024-02-11,Machine_4,397,Type_5,Component_5,Type_5 performed on Component_5,19
2024-03-10,Machine_1,398,Type_4,Component_9,Type_4 performed on Component_9,2
2024-02-26,Machine_10,399,Type_5,Component_5,Type_5 performed on Component_5,30
2024-04-05,Machine_10,400,Type_4,Component_6,Type_4 performed on Component_6,21
2024-01-23,Machine_9,401,Type_5,Component_2,Type_5 performed on Component_2,9
2024-04-04,Machine_6,402,Type_5,Component_7,Type_5 performed on Component_7,44
2024-03-31,Machine_4,403,Type_4,Component_3,Type_4 performed on Component_3,28
2024-01-26,Machine_4,404,Type_1,Component_8,Type_1 performed on Component_8,22
2024-01-01,Machine_6,405,Type_3,Component_6,Type_3 performed on Component_6,11
2024-04-09,Machine_6,406,Type_1,Component_6,Type_1 performed on Component_6,31
2024-03-05,Machine_4,407,Type_3,Component_3,Type_3 performed on Component_3,14
2024-03-08,Machine_2,408,Type_4,Component_6,Type_4 performed on Component_6,36
2024-04-07,Machine_8,409,Type_3,Component_6,Type_3 performed on Component_6,11
2024-02-08,Machine_7,410,Type_3,Component_10,Type_3 performed on Component_10,25
2024-03-11,Machine_7,411,Type_4,Component_6,Type_4 performed on Component_6,37
2024-02-04,Machine_2,412,Type_2,Component_6,Type_2 performed on Component_6,41
2024-02-13,Machine_2,413,Type_3,Component_3,Type_3 performed on Component_3,7
2024-03-09,Machine_8,414,Type_2,Component_8,Type_2 performed on Component_8,20
2024-03-20,Machine_4,415,Type_4,Component_5,Type_4 performed on Component_5,11
2024-01-21,Machine_8,416,Type_2,Component_6,Type_2 performed on Component_6,34
2024-02-01,Machine_9,417,Type_1,Component_8,Type_1 performed on Component_8,32
2024-02-03,Machine_10,418,Type_1,Component_4,Type_1 performed on Component_4,38
2024-03-19,Machine_8,419,Type_3,Component_7,Type_3 performed on Component_7,46
2024-01-22,Machine_7,420,Type_2,Component_2,Type_2 performed on Component_2,23
2024-02-22,Machine_7,421,Type_1,Component_10,Type_1 performed on Component_10,27
2024-03-03,Machine_4,422,Type_5,Component_3,Type_5 performed on Component_3,1
2024-02-18,Machine_9,423,Type_4,Component_9,Type_4 performed on Component_9,34
2024-01-12,Machine_6,424,Type_2,Component_2,Type_2 performed on Component_2,31
2024-02-11,Machine_2,425,Type_5,Component_1,Type_5 performed on Component_1,31
2024-01-31,Machine_9,426,Type_5,Component_1,Type_5 performed on Component_1,38
2024-03-01,Machine_2,427,Type_5,Component_3,Type_5 performed on Component_3,36
2024-03-12,Machine_4,428,Type_1,Component_2,Type_1 performed on Component_2,29
2024-01-20,Machine_4,429,Type_2,Component_8,Type_2 performed on Component_8,29
2024-01-12,Machine_9,430,Type_3,Component_4,Type_3 performed on Component_4,38
2024-02-21,Machine_2,431,Type_1,Component_2,Type_1 performed on Component_2,10
2024-04-01,Machine_10,432,Type_3,Component_4,Type_3 performed on Component_4,28
2024-01-20,Machine_10,433,Type_2,Component_10,Type_2 performed on Component_10,31
2024-02-09,Machine_8,434,Type_1,Component_2,Type_1 performed on Component_2,45
2024-02-08,Machine_10,435,Type_1,Component_4,Type_1 performed on Component_4,35
2024-01-16,Machine_9,436,Type_2,Component_3,Type_2 performed on Component_3,5
2024-01-29,Machine_6,437,Type_3,Component_3,Type_3 performed on Component_3,22
2024-03-28,Machine_2,438,Type_1,Component_4,Type_1 performed on Component_4,20
2024-01-22,Machine_5,439,Type_1,Component_5,Type_1 performed on Component_5,40
2024-01-25,Machine_7,440,Type_5,Component_7,Type_5 performed on Component_7,16
2024-03-12,Machine_5,441,Type_3,Component_2,Type_3 performed on Component_2,4
2024-01-10,Machine_7,442,Type_3,Component_9,Type_3 performed on Component_9,45
2024-01-26,Machine_2,443,Type_5,Component_2,Type_5 performed on Component_2,13
2024-04-05,Machine_9,444,Type_5,Component_2,Type_5 performed on Component_2,6
2024-03-15,Machine_5,445,Type_3,Component_2,Type_3 performed on Component_2,17
2024-01-20,Machine_6,446,Type_1,Component_3,Type_1 performed on Component_3,43
2024-02-20,Machine_4,447,Type_3,Component_3,Type_3 performed on Component_3,14
2024-03-30,Machine_1,448,Type_1,Component_4,Type_1 performed on Component_4,13
2024-03-09,Machine_3,449,Type_5,Component_1,Type_5 performed on Component_1,6
2024-01-05,Machine_10,450,Type_1,Component_1,Type_1 performed on Component_1,21
2024-01-27,Machine_8,451,Type_4,Component_3,Type_4 performed on Component_3,46
2024-01-07,Machine_8,452,Type_2,Component_10,Type_2 performed on Component_10,42
2024-03-04,Machine_7,453,Type_5,Component_3,Type_5 performed on Component_3,24
2024-03-23,Machine_6,454,Type_4,Component_10,Type_4 performed on Component_10,45
2024-02-27,Machine_10,455,Type_2,Component_2,Type_2 performed on Component_2,32
2024-03-08,Machine_4,456,Type_1,Component_7,Type_1 performed on Component_7,39
2024-01-04,Machine_5,457,Type_5,Component_10,Type_5 performed on Component_10,1
2024-01-23,Machine_2,458,Type_5,Component_5,Type_5 performed on Component_5,38
2024-03-12,Machine_5,459,Type_5,Component_1,Type_5 performed on Component_1,37
2024-04-05,Machine_7,460,Type_4,Component_5,Type_4 performed on Component_5,35
2024-03-27,Machine_10,461,Type_2,Component_10,Type_2 performed on Component_10,41
2024-03-30,Machine_7,462,Type_3,Component_4,Type_3 performed on Component_4,32
2024-02-23,Machine_4,463,Type_5,Component_2,Type_5 performed on Component_2,40
2024-02-03,Machine_6,464,Type_1,Component_2,Type_1 performed on Component_2,31
2024-03-05,Machine_10,465,Type_1,Component_3,Type_1 performed on Component_3,10
2024-02-08,Machine_7,466,Type_2,Component_7,Type_2 performed on Component_7,28
2024-03-21,Machine_8,467,Type_5,Component_8,Type_5 performed on Component_8,24
2024-01-18,Machine_3,468,Type_2,Component_2,Type_2 performed on Component_2,32
2024-03-24,Machine_3,469,Type_4,Component_1,Type_4 performed on Component_1,3
2024-01-18,Machine_9,470,Type_4,Component_9,Type_4 performed on Component_9,36
2024-03-14,Machine_10,471,Type_2,Component_3,Type_2 performed on Component_3,6
2024-01-03,Machine_6,472,Type_2,Component_3,Type_2 performed on Component_3,10
2024-03-06,Machine_8,473,Type_1,Component_1,Type_1 performed on Component_1,10
2024-03-03,Machine_2,474,Type_2,Component_5,Type_2 performed on Component_5,13
2024-02-05,Machine_1,475,Type_4,Component_2,Type_4 performed on Component_2,42
2024-03-14,Machine_7,476,Type_4,Component_6,Type_4 performed on Component_6,8
2024-04-04,Machine_5,477,Type_3,Component_7,Type_3 performed on Component_7,14
2024-04-04,Machine_3,478,Type_1,Component_2,Type_1 performed on Component_2,33
2024-02-16,Machine_7,479,Type_5,Component_6,Type_5 performed on Component_6,12
2024-03-06,Machine_6,480,Type_4,Component_5,Type_4 performed on Component_5,28
2024-02-02,Machine_4,481,Type_3,Component_6,Type_3 performed on Component_6,2
2024-03-04,Machine_6,482,Type_5,Component_7,Type_5 performed on Component_7,31
2024-03-07,Machine_6,483,Type_5,Component_4,Type_5 performed on Component_4,14
2024-03-01,Machine_10,484,Type_4,Component_1,Type_4 performed on Component_1,46
2024-03-06,Machine_5,485,Type_1,Component_7,Type_1 performed on Component_7,46
2024-03-01,Machine_10,486,Type_1,Component_4,Type_1 performed on Component_4,15
2024-02-15,Machine_4,487,Type_3,Component_1,Type_3 performed on Component_1,48
2024-04-03,Machine_10,488,Type_3,Component_9,Type_3 performed on Component_9,36
2024-01-25,Machine_1,489,Type_4,Component_4,Type_4 performed on Component_4,2
2024-01-18,Machine_6,490,Type_4,Component_4,Type_4 performed on Component_4,24
2024-01-10,Machine_4,491,Type_4,Component_4,Type_4 performed on Component_4,28
2024-02-12,Machine_9,492,Type_2,Component_2,Type_2 performed on Component_2,5
2024-03-17,Machine_3,493,Type_5,Component_6,Type_5 performed on Component_6,29
2024-02-03,Machine_8,494,Type_5,Component_9,Type_5 performed on Component_9,6
2024-01-20,Machine_9,495,Type_4,Component_2,Type_4 performed on Component_2,23
2024-03-24,Machine_7,496,Type_3,Component_4,Type_3 performed on Component_4,16
2024-02-01,Machine_7,497,Type_1,Component_1,Type_1 performed on Component_1,36
2024-03-09,Machine_8,498,Type_1,Component_5,Type_1 performed on Component_5,20
2024-01-27,Machine_1,499,Type_1,Component_7,Type_1 performed on Component_7,14
2024-02-08,Machine_5,500,Type_2,Component_3,Type_2 performed on Component_3,6
2024-03-14,Machine_1,501,Type_4,Component_5,Type_4 performed on Component_5,39
2024-01-02,Machine_3,502,Type_5,Component_9,Type_5 performed on Component_9,34
2024-02-21,Machine_3,503,Type_2,Component_6,Type_2 performed on Component_6,19
2024-02-04,Machine_2,504,Type_3,Component_1,Type_3 performed on Component_1,32
2024-03-20,Machine_5,505,Type_4,Component_5,Type_4 performed on Component_5,22
2024-03-28,Machine_10,506,Type_3,Component_4,Type_3 performed on Component_4,10
2024-03-10,Machine_5,507,Type_2,Component_6,Type_2 performed on Component_6,19
2024-03-11,Machine_3,508,Type_2,Component_10,Type_2 performed on Component_10,9
2024-01-28,Machine_3,509,Type_5,Component_1,Type_5 performed on Component_1,44
2024-01-12,Machine_2,510,Type_1,Component_10,Type_1 performed on Component_10,47
2024-01-13,Machine_4,511,Type_1,Component_2,Type_1 performed on Component_2,3
2024-01-16,Machine_3,512,Type_4,Component_10,Type_4 performed on Component_10,8
2024-01-12,Machine_7,513,Type_4,Component_6,Type_4 performed on Component_6,4
2024-01-13,Machine_7,514,Type_2,Component_7,Type_2 performed on Component_7,40
2024-02-12,Machine_5,515,Type_5,Component_3,Type_5 performed on Component_3,6
2024-01-16,Machine_9,516,Type_2,Component_1,Type_2 performed on Component_1,14
2024-03-22,Machine_6,517,Type_4,Component_8,Type_4 performed on Component_8,5
2024-02-29,Machine_9,518,Type_4,Component_2,Type_4 performed on Component_2,36
2024-03-21,Machine_1,519,Type_1,Component_7,Type_1 performed on Component_7,45
2024-03-09,Machine_7,520,Type_1,Component_5,Type_1 performed on Component_5,22
2024-02-28,Machine_5,521,Type_2,Component_3,Type_2 performed on Component_3,5
2024-03-15,Machine_1,522,Type_4,Component_3,Type_4 performed on Component_3,3
2024-02-17,Machine_2,523,Type_3,Component_2,Type_3 performed on Component_2,22
2024-01-28,Machine_7,524,Type_4,Component_4,Type_4 performed on Component_4,27
2024-03-17,Machine_9,525,Type_5,Component_5,Type_5 performed on Component_5,1
2024-03-10,Machine_8,526,Type_3,Component_5,Type_3 performed on Component_5,38
2024-01-01,Machine_1,527,Type_5,Component_2,Type_5 performed on Component_2,11
2024-03-21,Machine_5,528,Type_3,Component_10,Type_3 performed on Component_10,38
2024-02-05,Machine_2,529,Type_5,Component_6,Type_5 performed on Component_6,8
2024-03-16,Machine_5,530,Type_4,Component_6,Type_4 performed on Component_6,40
2024-01-11,Machine_2,531,Type_1,Component_2,Type_1 performed on Component_2,36
2024-02-26,Machine_5,532,Type_2,Component_8,Type_2 performed on Component_8,23
2024-01-31,Machine_6,533,Type_3,Component_1,Type_3 performed on Component_1,16
2024-01-12,Machine_7,534,Type_4,Component_1,Type_4 performed on Component_1,2
2024-01-21,Machine_10,535,Type_1,Component_9,Type_1 performed on Component_9,45
2024-03-07,Machine_7,536,Type_4,Component_5,Type_4 performed on Component_5,44
2024-02-26,Machine_4,537,Type_1,Component_7,Type_1 performed on Component_7,31
2024-02-19,Machine_8,538,Type_5,Component_4,Type_5 performed on Component_4,28
2024-01-03,Machine_10,539,Type_1,Component_5,Type_1 performed on Component_5,5
2024-02-08,Machine_4,540,Type_5,Component_1,Type_5 performed on Component_1,43
2024-03-05,Machine_2,541,Type_3,Component_5,Type_3 performed on Component_5,3
2024-01-06,Machine_6,542,Type_1,Component_10,Type_1 performed on Component_10,32
2024-02-12,Machine_1,543,Type_1,Component_4,Type_1 performed on Component_4,1
2024-02-10,Machine_9,544,Type_1,Component_1,Type_1 performed on Component_1,16
2024-01-04,Machine_2,545,Type_4,Component_1,Type_4 performed on Component_1,18
2024-02-10,Machine_2,546,Type_4,Component_3,Type_4 performed on Component_3,13
2024-02-07,Machine_5,547,Type_3,Component_2,Type_3 performed on Component_2,46
2024-04-02,Machine_2,548,Type_3,Component_5,Type_3 performed on Component_5,40
2024-03-15,Machine_8,549,Type_1,Component_2,Type_1 performed on Component_2,23
2024-01-19,Machine_9,550,Type_2,Component_10,Type_2 performed on Component_10,2
2024-02-22,Machine_1,551,Type_5,Component_8,Type_5 performed on Component_8,42
2024-03-16,Machine_3,552,Type_4,Component_3,Type_4 performed on Component_3,21
2024-02-02,Machine_4,553,Type_2,Component_4,Type_2 performed on Component_4,36
2024-01-17,Machine_6,554,Type_3,Component_2,Type_3 performed on Component_2,21
2024-01-20,Machine_3,555,Type_2,Component_4,Type_2 performed on Component_4,31
2024-03-11,Machine_7,556,Type_1,Component_1,Type_1 performed on Component_1,5
2024-01-01,Machine_5,557,Type_5,Component_8,Type_5 performed on Component_8,1
2024-02-24,Machine_2,558,Type_4,Component_3,Type_4 performed on Component_3,11
2024-03-09,Machine_3,559,Type_1,Component_5,Type_1 performed on Component_5,34
2024-02-24,Machine_2,560,Type_5,Component_9,Type_5 performed on Component_9,38
2024-02-14,Machine_3,561,Type_2,Component_6,Type_2 performed on Component_6,41
2024-03-31,Machine_9,562,Type_5,Component_3,Type_5 performed on Component_3,14
2024-04-04,Machine_2,563,Type_4,Component_1,Type_4 performed on Component_1,3
2024-01-19,Machine_10,564,Type_1,Component_4,Type_1 performed on Component_4,39
2024-02-24,Machine_5,565,Type_3,Component_3,Type_3 performed on Component_3,19
2024-04-01,Machine_2,566,Type_5,Component_2,Type_5 performed on Component_2,21
2024-02-15,Machine_5,567,Type_3,Component_4,Type_3 performed on Component_4,28
2024-03-07,Machine_10,568,Type_1,Component_5,Type_1 performed on Component_5,8
2024-01-28,Machine_4,569,Type_5,Component_4,Type_5 performed on Component_4,41
2024-01-15,Machine_3,570,Type_1,Component_10,Type_1 performed on Component_10,48
2024-02-04,Machine_10,571,Type_4,Component_6,Type_4 performed on Component_6,26
2024-03-15,Machine_5,572,Type_1,Component_8,Type_1 performed on Component_8,5
2024-01-02,Machine_9,573,Type_4,Component_9,Type_4 performed on Component_9,18
2024-02-18,Machine_9,574,Type_1,Component_4,Type_1 performed on Component_4,41
2024-02-08,Machine_4,575,Type_5,Component_1,Type_5 performed on Component_1,32
2024-02-04,Machine_10,576,Type_3,Component_4,Type_3 performed on Component_4,29
2024-03-26,Machine_3,577,Type_5,Component_3,Type_5 performed on Component_3,16
2024-04-07,Machine_1,578,Type_5,Component_5,Type_5 performed on Component_5,39
2024-01-30,Machine_5,579,Type_5,Component_10,Type_5 performed on Component_10,20
2024-03-27,Machine_9,580,Type_1,Component_3,Type_1 performed on Component_3,26
2024-03-13,Machine_8,581,Type_1,Component_9,Type_1 performed on Component_9,11
2024-03-11,Machine_5,582,Type_3,Component_3,Type_3 performed on Component_3,9
2024-01-14,Machine_3,583,Type_1,Component_7,Type_1 performed on Component_7,12
2024-03-03,Machine_5,584,Type_4,Component_5,Type_4 performed on Component_5,31
2024-03-22,Machine_1,585,Type_2,Component_10,Type_2 performed on Component_10,12
2024-01-06,Machine_10,586,Type_1,Component_8,Type_1 performed on Component_8,25
2024-01-21,Machine_6,587,Type_4,Component_9,Type_4 performed on Component_9,40
2024-03-26,Machine_8,588,Type_5,Component_6,Type_5 performed on Component_6,19
2024-03-24,Machine_8,589,Type_1,Component_9,Type_1 performed on Component_9,24
2024-01-01,Machine_4,590,Type_2,Component_6,Type_2 performed on Component_6,22
2024-01-08,Machine_8,591,Type_4,Component_6,Type_4 performed on Component_6,18
2024-02-14,Machine_10,592,Type_4,Component_10,Type_4 performed on Component_10,33
2024-04-09,Machine_4,593,Type_4,Component_7,Type_4 performed on Component_7,1
2024-02-15,Machine_8,594,Type_3,Component_3,Type_3 performed on Component_3,15
2024-04-06,Machine_2,595,Type_3,Component_4,Type_3 performed on Component_4,40
2024-01-01,Machine_3,596,Type_5,Component_4,Type_5 performed on Component_4,11
2024-02-23,Machine_5,597,Type_3,Component_5,Type_3 performed on Component_5,21
2024-01-03,Machine_1,598,Type_1,Component_2,Type_1 performed on Component_2,26
2024-03-16,Machine_6,599,Type_1,Component_10,Type_1 performed on Component_10,4
2024-03-11,Machine_1,600,Type_5,Component_6,Type_5 performed on Component_6,4
2024-01-10,Machine_6,601,Type_2,Component_7,Type_2 performed on Component_7,21
2024-02-12,Machine_3,602,Type_4,Component_7,Type_4 performed on Component_7,1
2024-02-21,Machine_1,603,Type_2,Component_5,Type_2 performed on Component_5,20
2024-01-22,Machine_9,604,Type_5,Component_9,Type_5 performed on Component_9,19
2024-03-28,Machine_8,605,Type_3,Component_9,Type_3 performed on Component_9,16
2024-01-15,Machine_4,606,Type_2,Component_4,Type_2 performed on Component_4,11
2024-03-21,Machine_3,607,Type_4,Component_7,Type_4 performed on Component_7,47
2024-01-22,Machine_9,608,Type_5,Component_2,Type_5 performed on Component_2,17
2024-04-03,Machine_3,609,Type_4,Component_2,Type_4 performed on Component_2,7
2024-04-07,Machine_6,610,Type_5,Component_2,Type_5 performed on Component_2,21
2024-02-24,Machine_2,611,Type_1,Component_2,Type_1 performed on Component_2,39
2024-02-10,Machine_4,612,Type_5,Component_8,Type_5 performed on Component_8,44
2024-02-24,Machine_8,613,Type_4,Component_7,Type_4 performed on Component_7,24
2024-01-27,Machine_6,614,Type_5,Component_3,Type_5 performed on Component_3,37
2024-01-12,Machine_1,615,Type_4,Component_4,Type_4 performed on Component_4,26
2024-01-04,Machine_7,616,Type_5,Component_5,Type_5 performed on Component_5,46
2024-02-18,Machine_6,617,Type_3,Component_2,Type_3 performed on Component_2,6
2024-01-02,Machine_6,618,Type_2,Component_4,Type_2 performed on Component_4,47
2024-02-15,Machine_6,619,Type_3,Component_7,Type_3 performed on Component_7,45
2024-03-16,Machine_4,620,Type_3,Component_10,Type_3 performed on Component_10,19
2024-01-15,Machine_2,621,Type_5,Component_6,Type_5 performed on Component_6,26
2024-01-18,Machine_4,622,Type_3,Component_3,Type_3 performed on Component_3,10
2024-03-15,Machine_1,623,Type_1,Component_7,Type_1 performed on Component_7,17
2024-02-18,Machine_7,624,Type_3,Component_6,Type_3 performed on Component_6,25
2024-04-09,Machine_5,625,Type_3,Component_10,Type_3 performed on Component_10,38
2024-02-26,Machine_3,626,Type_2,Component_2,Type_2 performed on Component_2,28
2024-01-04,Machine_3,627,Type_5,Component_4,Type_5 performed on Component_4,36
2024-02-02,Machine_10,628,Type_3,Component_10,Type_3 performed on Component_10,17
2024-01-21,Machine_10,629,Type_3,Component_10,Type_3 performed on Component_10,37
2024-02-01,Machine_8,630,Type_2,Component_5,Type_2 performed on Component_5,9
2024-02-24,Machine_5,631,Type_2,Component_5,Type_2 performed on Component_5,16
2024-01-19,Machine_8,632,Type_4,Component_4,Type_4 performed on Component_4,4
2024-01-02,Machine_7,633,Type_2,Component_5,Type_2 performed on Component_5,36
2024-03-27,Machine_1,634,Type_1,Component_10,Type_1 performed on Component_10,30
2024-03-16,Machine_5,635,Type_2,Component_3,Type_2 performed on Component_3,14
2024-02-29,Machine_9,636,Type_2,Component_4,Type_2 performed on Component_4,28
2024-03-06,Machine_8,637,Type_1,Component_4,Type_1 performed on Component_4,11
2024-04-07,Machine_8,638,Type_4,Component_8,Type_4 performed on Component_8,41
2024-02-26,Machine_3,639,Type_5,Component_5,Type_5 performed on Component_5,1
2024-03-19,Machine_5,640,Type_2,Component_5,Type_2 performed on Component_5,27
2024-03-31,Machine_8,641,Type_5,Component_10,Type_5 performed on Component_10,29
2024-03-05,Machine_4,642,Type_2,Component_6,Type_2 performed on Component_6,41
2024-03-04,Machine_5,643,Type_4,Component_2,Type_4 performed on Component_2,38
2024-01-26,Machine_10,644,Type_1,Component_4,Type_1 performed on Component_4,6
2024-03-06,Machine_9,645,Type_3,Component_1,Type_3 performed on Component_1,1
2024-02-13,Machine_2,646,Type_4,Component_3,Type_4 performed on Component_3,5
2024-01-28,Machine_10,647,Type_1,Component_8,Type_1 performed on Component_8,24
2024-01-26,Machine_4,648,Type_4,Component_4,Type_4 performed on Component_4,31
2024-02-19,Machine_7,649,Type_3,Component_4,Type_3 performed on Component_4,21
2024-03-13,Machine_6,650,Type_5,Component_3,Type_5 performed on Component_3,7
2024-03-30,Machine_8,651,Type_4,Component_5,Type_4 performed on Component_5,24
2024-02-17,Machine_8,652,Type_5,Component_10,Type_5 performed on Component_10,47
2024-02-04,Machine_3,653,Type_2,Component_2,Type_2 performed on Component_2,4
2024-03-28,Machine_10,654,Type_3,Component_8,Type_3 performed on Component_8,26
2024-02-04,Machine_6,655,Type_4,Component_10,Type_4 performed on Component_10,47
2024-03-20,Machine_5,656,Type_2,Component_8,Type_2 performed on Component_8,39
2024-03-09,Machine_3,657,Type_5,Component_1,Type_5 performed on Component_1,8
2024-02-09,Machine_1,658,Type_4,Component_1,Type_4 performed on Component_1,21
2024-02-17,Machine_3,659,Type_1,Component_6,Type_1 performed on Component_6,43
2024-01-12,Machine_4,660,Type_3,Component_6,Type_3 performed on Component_6,4
2024-04-09,Machine_5,661,Type_2,Component_3,Type_2 performed on Component_3,29
2024-02-18,Machine_6,662,Type_1,Component_7,Type_1 performed on Component_7,4
2024-03-21,Machine_2,663,Type_3,Component_8,Type_3 performed on Component_8,9
2024-01-22,Machine_5,664,Type_4,Component_8,Type_4 performed on Component_8,16
2024-04-09,Machine_1,665,Type_1,Component_3,Type_1 performed on Component_3,48
2024-02-27,Machine_1,666,Type_2,Component_8,Type_2 performed on Component_8,19
2024-01-23,Machine_2,667,Type_1,Component_1,Type_1 performed on Component_1,12
2024-03-24,Machine_3,668,Type_5,Component_5,Type_5 performed on Component_5,28
2024-02-01,Machine_9,669,Type_4,Component_8,Type_4 performed on Component_8,35
2024-03-01,Machine_5,670,Type_4,Component_10,Type_4 performed on Component_10,14
2024-04-08,Machine_3,671,Type_1,Component_4,Type_1 performed on Component_4,19
2024-01-13,Machine_9,672,Type_1,Component_10,Type_1 performed on Component_10,3
2024-03-06,Machine_9,673,Type_2,Component_7,Type_2 performed on Component_7,2
2024-01-14,Machine_2,674,Type_4,Component_6,Type_4 performed on Component_6,23
2024-03-18,Machine_5,675,Type_5,Component_1,Type_5 performed on Component_1,45
2024-04-07,Machine_4,676,Type_3,Component_6,Type_3 performed on Component_6,36
2024-02-15,Machine_7,677,Type_5,Component_6,Type_5 performed on Component_6,9
2024-03-14,Machine_9,678,Type_3,Component_6,Type_3 performed on Component_6,27
2024-04-04,Machine_8,679,Type_1,Component_6,Type_1 performed on Component_6,29
2024-03-25,Machine_5,680,Type_2,Component_6,Type_2 performed on Component_6,39
2024-01-25,Machine_7,681,Type_4,Component_8,Type_4 performed on Component_8,38
2024-04-05,Machine_8,682,Type_3,Component_5,Type_3 performed on Component_5,40
2024-03-16,Machine_7,683,Type_2,Component_10,Type_2 performed on Component_10,23
2024-01-14,Machine_8,684,Type_4,Component_5,Type_4 performed on Component_5,48
2024-02-06,Machine_5,685,Type_4,Component_9,Type_4 performed on Component_9,16
2024-02-03,Machine_2,686,Type_2,Component_6,Type_2 performed on Component_6,38
2024-01-27,Machine_8,687,Type_1,Component_4,Type_1 performed on Component_4,8
2024-02-04,Machine_2,688,Type_3,Component_4,Type_3 performed on Component_4,45
2024-03-31,Machine_3,689,Type_3,Component_4,Type_3 performed on Component_4,33
2024-03-21,Machine_8,690,Type_4,Component_7,Type_4 performed on Component_7,42
2024-03-23,Machine_3,691,Type_5,Component_4,Type_5 performed on Component_4,40
2024-04-03,Machine_4,692,Type_2,Component_2,Type_2 performed on Component_2,4
2024-03-21,Machine_4,693,Type_1,Component_1,Type_1 performed on Component_1,5
2024-01-11,Machine_1,694,Type_2,Component_2,Type_2 performed on Component_2,16
2024-02-21,Machine_4,695,Type_2,Component_4,Type_2 performed on Component_4,32
2024-04-04,Machine_4,696,Type_4,Component_8,Type_4 performed on Component_8,6
2024-03-18,Machine_7,697,Type_1,Component_4,Type_1 performed on Component_4,43
2024-03-09,Machine_2,698,Type_2,Component_3,Type_2 performed on Component_3,16
2024-03-22,Machine_1,699,Type_4,Component_1,Type_4 performed on Component_1,11
2024-04-02,Machine_3,700,Type_3,Component_5,Type_3 performed on Component_5,45
2024-03-26,Machine_7,701,Type_1,Component_2,Type_1 performed on Component_2,18
2024-03-07,Machine_5,702,Type_5,Component_8,Type_5 performed on Component_8,13
2024-03-25,Machine_7,703,Type_4,Component_2,Type_4 performed on Component_2,13
2024-01-06,Machine_5,704,Type_5,Component_8,Type_5 performed on Component_8,39
2024-01-15,Machine_7,705,Type_3,Component_1,Type_3 performed on Component_1,8
2024-01-08,Machine_9,706,Type_2,Component_2,Type_2 performed on Component_2,46
2024-01-28,Machine_3,707,Type_2,Component_1,Type_2 performed on Component_1,1
2024-02-20,Machine_6,708,Type_1,Component_5,Type_1 performed on Component_5,31
2024-02-05,Machine_6,709,Type_4,Component_6,Type_4 performed on Component_6,36
2024-03-05,Machine_5,710,Type_5,Component_6,Type_5 performed on Component_6,45
2024-02-03,Machine_2,711,Type_5,Component_10,Type_5 performed on Component_10,45
2024-03-08,Machine_10,712,Type_5,Component_6,Type_5 performed on Component_6,8
2024-03-15,Machine_4,713,Type_2,Component_4,Type_2 performed on Component_4,41
2024-01-09,Machine_4,714,Type_4,Component_3,Type_4 performed on Component_3,22
2024-03-26,Machine_3,715,Type_1,Component_5,Type_1 performed on Component_5,42
2024-01-13,Machine_2,716,Type_4,Component_2,Type_4 performed on Component_2,24
2024-01-05,Machine_4,717,Type_1,Component_1,Type_1 performed on Component_1,37
2024-02-24,Machine_3,718,Type_3,Component_4,Type_3 performed on Component_4,36
2024-02-18,Machine_6,719,Type_3,Component_2,Type_3 performed on Component_2,42
2024-01-19,Machine_8,720,Type_5,Component_10,Type_5 performed on Component_10,8
2024-02-19,Machine_1,721,Type_1,Component_6,Type_1 performed on Component_6,9
2024-03-18,Machine_7,722,Type_4,Component_10,Type_4 performed on Component_10,5
2024-03-03,Machine_7,723,Type_3,Component_10,Type_3 performed on Component_10,1
2024-03-16,Machine_3,724,Type_3,Component_3,Type_3 performed on Component_3,46
2024-03-26,Machine_8,725,Type_2,Component_8,Type_2 performed on Component_8,11
2024-04-09,Machine_8,726,Type_4,Component_7,Type_4 performed on Component_7,1
2024-03-04,Machine_6,727,Type_3,Component_3,Type_3 performed on Component_3,37
2024-03-14,Machine_10,728,Type_3,Component_4,Type_3 performed on Component_4,14
2024-03-08,Machine_1,729,Type_3,Component_8,Type_3 performed on Component_8,12
2024-02-17,Machine_8,730,Type_4,Component_7,Type_4 performed on Component_7,5
2024-01-22,Machine_1,731,Type_4,Component_1,Type_4 performed on Component_1,27
2024-03-24,Machine_8,732,Type_2,Component_3,Type_2 performed on Component_3,7
2024-02-05,Machine_9,733,Type_2,Component_6,Type_2 performed on Component_6,10
2024-01-27,Machine_6,734,Type_2,Component_6,Type_2 performed on Component_6,15
2024-02-08,Machine_1,735,Type_4,Component_7,Type_4 performed on Component_7,11
2024-04-07,Machine_1,736,Type_5,Component_6,Type_5 performed on Component_6,6
2024-03-22,Machine_10,737,Type_1,Component_1,Type_1 performed on Component_1,33
2024-02-22,Machine_9,738,Type_4,Component_8,Type_4 performed on Component_8,2
2024-03-04,Machine_5,739,Type_1,Component_5,Type_1 performed on Component_5,2
2024-01-16,Machine_4,740,Type_2,Component_3,Type_2 performed on Component_3,40
2024-02-05,Machine_4,741,Type_1,Component_1,Type_1 performed on Component_1,45
2024-01-25,Machine_2,742,Type_3,Component_10,Type_3 performed on Component_10,48
2024-01-05,Machine_5,743,Type_4,Component_9,Type_4 performed on Component_9,7
2024-04-03,Machine_10,744,Type_5,Component_9,Type_5 performed on Component_9,7
2024-04-05,Machine_7,745,Type_3,Component_10,Type_3 performed on Component_10,48
2024-03-24,Machine_1,746,Type_4,Component_9,Type_4 performed on Component_9,14
2024-02-12,Machine_3,747,Type_5,Component_4,Type_5 performed on Component_4,29
2024-02-04,Machine_6,748,Type_1,Component_4,Type_1 performed on Component_4,35
2024-03-15,Machine_6,749,Type_3,Component_6,Type_3 performed on Component_6,17
2024-04-08,Machine_9,750,Type_2,Component_9,Type_2 performed on Component_9,19
2024-01-07,Machine_1,751,Type_1,Component_8,Type_1 performed on Component_8,32
2024-02-21,Machine_9,752,Type_2,Component_9,Type_2 performed on Component_9,29
2024-03-03,Machine_4,753,Type_1,Component_3,Type_1 performed on Component_3,16
2024-03-27,Machine_7,754,Type_3,Component_2,Type_3 performed on Component_2,34
2024-01-16,Machine_7,755,Type_3,Component_1,Type_3 performed on Component_1,33
2024-01-17,Machine_7,756,Type_4,Component_9,Type_4 performed on Component_9,32
2024-01-01,Machine_4,757,Type_3,Component_1,Type_3 performed on Component_1,2
2024-04-07,Machine_5,758,Type_2,Component_7,Type_2 performed on Component_7,36
2024-01-13,Machine_4,759,Type_1,Component_9,Type_1 performed on Component_9,22
2024-01-19,Machine_1,760,Type_2,Component_1,Type_2 performed on Component_1,12
2024-01-01,Machine_8,761,Type_2,Component_2,Type_2 performed on Component_2,45
2024-01-09,Machine_4,762,Type_1,Component_4,Type_1 performed on Component_4,34
2024-02-11,Machine_2,763,Type_4,Component_5,Type_4 performed on Component_5,20
2024-03-22,Machine_10,764,Type_3,Component_8,Type_3 performed on Component_8,48
2024-03-19,Machine_4,765,Type_3,Component_4,Type_3 performed on Component_4,27
2024-01-07,Machine_10,766,Type_2,Component_9,Type_2 performed on Component_9,38
2024-03-13,Machine_5,767,Type_1,Component_9,Type_1 performed on Component_9,9
2024-04-05,Machine_6,768,Type_2,Component_7,Type_2 performed on Component_7,34
2024-02-05,Machine_3,769,Type_5,Component_5,Type_5 performed on Component_5,5
2024-02-08,Machine_5,770,Type_3,Component_7,Type_3 performed on Component_7,28
2024-02-08,Machine_7,771,Type_4,Component_10,Type_4 performed on Component_10,27
2024-02-09,Machine_7,772,Type_1,Component_7,Type_1 performed on Component_7,31
2024-03-16,Machine_10,773,Type_4,Component_2,Type_4 performed on Component_2,37
2024-01-01,Machine_9,774,Type_2,Component_2,Type_2 performed on Component_2,32
2024-04-03,Machine_8,775,Type_5,Component_2,Type_5 performed on Component_2,19
2024-02-09,Machine_8,776,Type_3,Component_8,Type_3 performed on Component_8,30
2024-03-02,Machine_4,777,Type_5,Component_8,Type_5 performed on Component_8,38
2024-02-20,Machine_3,778,Type_2,Component_4,Type_2 performed on Component_4,38
2024-03-02,Machine_5,779,Type_5,Component_8,Type_5 performed on Component_8,21
2024-02-02,Machine_10,780,Type_3,Component_3,Type_3 performed on Component_3,19
2024-03-12,Machine_10,781,Type_4,Component_1,Type_4 performed on Component_1,31
2024-02-05,Machine_10,782,Type_2,Component_5,Type_2 performed on Component_5,29
2024-02-01,Machine_4,783,Type_5,Component_8,Type_5 performed on Component_8,20
2024-01-01,Machine_10,784,Type_3,Component_1,Type_3 performed on Component_1,45
2024-02-14,Machine_9,785,Type_1,Component_6,Type_1 performed on Component_6,25
2024-02-16,Machine_2,786,Type_1,Component_6,Type_1 performed on Component_6,40
2024-01-18,Machine_1,787,Type_1,Component_6,Type_1 performed on Component_6,29
2024-02-29,Machine_9,788,Type_2,Component_5,Type_2 performed on Component_5,4
2024-02-26,Machine_10,789,Type_2,Component_4,Type_2 performed on Component_4,19
2024-02-08,Machine_8,790,Type_5,Component_1,Type_5 performed on Component_1,44
2024-01-05,Machine_10,791,Type_5,Component_6,Type_5 performed on Component_6,48
2024-01-15,Machine_2,792,Type_2,Component_4,Type_2 performed on Component_4,3
2024-01-18,Machine_1,793,Type_2,Component_10,Type_2 performed on Component_10,25
2024-03-31,Machine_8,794,Type_5,Component_1,Type_5 performed on Component_1,19
2024-02-21,Machine_2,795,Type_1,Component_6,Type_1 performed on Component_6,38
2024-01-01,Machine_5,796,Type_1,Component_6,Type_1 performed on Component_6,23
2024-03-11,Machine_10,797,Type_1,Component_10,Type_1 performed on Component_10,17
2024-02-11,Machine_3,798,Type_1,Component_9,Type_1 performed on Component_9,41
2024-01-19,Machine_8,799,Type_3,Component_3,Type_3 performed on Component_3,26
2024-03-26,Machine_2,800,Type_3,Component_9,Type_3 performed on Component_9,9
2024-01-24,Machine_6,801,Type_2,Component_10,Type_2 performed on Component_10,13
2024-01-28,Machine_2,802,Type_5,Component_2,Type_5 performed on Component_2,31
2024-01-18,Machine_6,803,Type_1,Component_3,Type_1 performed on Component_3,6
2024-04-07,Machine_10,804,Type_1,Component_1,Type_1 performed on Component_1,8
2024-03-20,Machine_3,805,Type_5,Component_7,Type_5 performed on Component_7,21
2024-03-05,Machine_2,806,Type_2,Component_6,Type_2 performed on Component_6,31
2024-02-23,Machine_2,807,Type_3,Component_5,Type_3 performed on Component_5,37
2024-01-27,Machine_6,808,Type_4,Component_7,Type_4 performed on Component_7,16
2024-02-04,Machine_7,809,Type_4,Component_2,Type_4 performed on Component_2,41
2024-02-03,Machine_7,810,Type_4,Component_4,Type_4 performed on Component_4,30
2024-01-07,Machine_5,811,Type_2,Component_1,Type_2 performed on Component_1,32
2024-01-26,Machine_10,812,Type_1,Component_8,Type_1 performed on Component_8,48
2024-02-23,Machine_7,813,Type_2,Component_2,Type_2 performed on Component_2,46
2024-03-15,Machine_8,814,Type_1,Component_6,Type_1 performed on Component_6,17
2024-01-02,Machine_7,815,Type_5,Component_5,Type_5 performed on Component_5,25
2024-02-24,Machine_8,816,Type_2,Component_1,Type_2 performed on Component_1,47
2024-01-19,Machine_7,817,Type_3,Component_8,Type_3 performed on Component_8,7
2024-04-03,Machine_1,818,Type_5,Component_4,Type_5 performed on Component_4,25
2024-01-13,Machine_8,819,Type_4,Component_2,Type_4 performed on Component_2,11
2024-03-05,Machine_8,820,Type_3,Component_7,Type_3 performed on Component_7,9
2024-02-17,Machine_4,821,Type_5,Component_8,Type_5 performed on Component_8,38
2024-02-03,Machine_3,822,Type_4,Component_10,Type_4 performed on Component_10,43
2024-01-09,Machine_2,823,Type_1,Component_9,Type_1 performed on Component_9,35
2024-02-03,Machine_3,824,Type_5,Component_2,Type_5 performed on Component_2,36
2024-04-01,Machine_4,825,Type_1,Component_7,Type_1 performed on Component_7,26
2024-02-06,Machine_4,826,Type_5,Component_6,Type_5 performed on Component_6,40
2024-01-13,Machine_6,827,Type_5,Component_6,Type_5 performed on Component_6,37
2024-03-17,Machine_1,828,Type_1,Component_5,Type_1 performed on Component_5,38
2024-04-04,Machine_2,829,Type_1,Component_4,Type_1 performed on Component_4,5
2024-02-22,Machine_1,830,Type_2,Component_10,Type_2 performed on Component_10,16
2024-03-31,Machine_8,831,Type_2,Component_5,Type_2 performed on Component_5,31
2024-01-31,Machine_9,832,Type_1,Component_5,Type_1 performed on Component_5,47
2024-03-10,Machine_7,833,Type_1,Component_3,Type_1 performed on Component_3,15
2024-04-08,Machine_3,834,Type_4,Component_6,Type_4 performed on Component_6,29
2024-02-27,Machine_5,835,Type_3,Component_3,Type_3 performed on Component_3,19
2024-01-24,Machine_3,836,Type_2,Component_6,Type_2 performed on Component_6,26
2024-01-15,Machine_6,837,Type_3,Component_1,Type_3 performed on Component_1,1
2024-02-26,Machine_2,838,Type_1,Component_5,Type_1 performed on Component_5,6
2024-03-06,Machine_2,839,Type_3,Component_1,Type_3 performed on Component_1,26
2024-02-05,Machine_4,840,Type_2,Component_3,Type_2 performed on Component_3,22
2024-04-07,Machine_10,841,Type_5,Component_4,Type_5 performed on Component_4,40
2024-03-31,Machine_3,842,Type_3,Component_4,Type_3 performed on Component_4,30
2024-02-20,Machine_5,843,Type_3,Component_9,Type_3 performed on Component_9,12
2024-03-06,Machine_6,844,Type_3,Component_6,Type_3 performed on Component_6,14
2024-02-06,Machine_3,845,Type_1,Component_7,Type_1 performed on Component_7,24
2024-03-21,Machine_7,846,Type_2,Component_4,Type_2 performed on Component_4,40
2024-04-04,Machine_4,847,Type_4,Component_7,Type_4 performed on Component_7,34
2024-02-04,Machine_10,848,Type_4,Component_2,Type_4 performed on Component_2,13
2024-01-24,Machine_7,849,Type_3,Component_7,Type_3 performed on Component_7,40
2024-02-16,Machine_3,850,Type_5,Component_5,Type_5 performed on Component_5,35
2024-01-11,Machine_5,851,Type_5,Component_4,Type_5 performed on Component_4,33
2024-01-14,Machine_7,852,Type_3,Component_2,Type_3 performed on Component_2,31
2024-02-09,Machine_6,853,Type_2,Component_3,Type_2 performed on Component_3,39
2024-03-21,Machine_1,854,Type_4,Component_9,Type_4 performed on Component_9,37
2024-02-28,Machine_10,855,Type_5,Component_8,Type_5 performed on Component_8,20
2024-03-29,Machine_8,856,Type_4,Component_5,Type_4 performed on Component_5,46
2024-03-24,Machine_8,857,Type_2,Component_2,Type_2 performed on Component_2,45
2024-02-17,Machine_7,858,Type_4,Component_7,Type_4 performed on Component_7,36
2024-01-07,Machine_5,859,Type_1,Component_10,Type_1 performed on Component_10,24
2024-01-26,Machine_10,860,Type_3,Component_8,Type_3 performed on Component_8,28
2024-03-12,Machine_5,861,Type_5,Component_6,Type_5 performed on Component_6,10
2024-02-13,Machine_4,862,Type_1,Component_4,Type_1 performed on Component_4,36
2024-03-15,Machine_1,863,Type_4,Component_4,Type_4 performed on Component_4,34
2024-02-04,Machine_9,864,Type_2,Component_8,Type_2 performed on Component_8,24
2024-01-16,Machine_6,865,Type_1,Component_5,Type_1 performed on Component_5,27
2024-03-31,Machine_10,866,Type_1,Component_9,Type_1 performed on Component_9,6
2024-02-28,Machine_5,867,Type_2,Component_5,Type_2 performed on Component_5,38
2024-02-17,Machine_2,868,Type_3,Component_8,Type_3 performed on Component_8,38
2024-01-30,Machine_9,869,Type_2,Component_9,Type_2 performed on Component_9,44
2024-01-25,Machine_8,870,Type_1,Component_6,Type_1 performed on Component_6,11
2024-01-14,Machine_2,871,Type_1,Component_2,Type_1 performed on Component_2,14
2024-01-30,Machine_1,872,Type_1,Component_6,Type_1 performed on Component_6,38
2024-03-19,Machine_10,873,Type_1,Component_3,Type_1 performed on Component_3,42
2024-02-23,Machine_4,874,Type_5,Component_7,Type_5 performed on Component_7,27
2024-03-18,Machine_2,875,Type_4,Component_7,Type_4 performed on Component_7,42
2024-04-03,Machine_4,876,Type_1,Component_5,Type_1 performed on Component_5,27
2024-03-14,Machine_3,877,Type_4,Component_1,Type_4 performed on Component_1,16
2024-02-28,Machine_7,878,Type_4,Component_4,Type_4 performed on Component_4,45
2024-04-05,Machine_8,879,Type_2,Component_4,Type_2 performed on Component_4,27
2024-02-20,Machine_2,880,Type_3,Component_7,Type_3 performed on Component_7,7
2024-03-26,Machine_2,881,Type_3,Component_9,Type_3 performed on Component_9,33
2024-03-31,Machine_5,882,Type_5,Component_9,Type_5 performed on Component_9,10
2024-03-03,Machine_6,883,Type_2,Component_7,Type_2 performed on Component_7,31
2024-01-19,Machine_1,884,Type_2,Component_4,Type_2 performed on Component_4,43
2024-01-01,Machine_10,885,Type_5,Component_4,Type_5 performed on Component_4,47
2024-01-22,Machine_3,886,Type_1,Component_1,Type_1 performed on Component_1,16
2024-01-16,Machine_5,887,Type_4,Component_10,Type_4 performed on Component_10,21
2024-02-07,Machine_10,888,Type_2,Component_2,Type_2 performed on Component_2,12
2024-01-30,Machine_8,889,Type_3,Component_7,Type_3 performed on Component_7,1
2024-01-20,Machine_5,890,Type_5,Component_4,Type_5 performed on Component_4,12
2024-01-15,Machine_2,891,Type_5,Component_9,Type_5 performed on Component_9,7
2024-02-26,Machine_10,892,Type_1,Component_3,Type_1 performed on Component_3,45
2024-01-24,Machine_5,893,Type_3,Component_7,Type_3 performed on Component_7,30
2024-02-11,Machine_4,894,Type_1,Component_9,Type_1 performed on Component_9,46
2024-02-07,Machine_6,895,Type_5,Component_3,Type_5 performed on Component_3,43
2024-02-22,Machine_1,896,Type_2,Component_2,Type_2 performed on Component_2,15
2024-01-08,Machine_9,897,Type_5,Component_10,Type_5 performed on Component_10,16
2024-02-08,Machine_9,898,Type_2,Component_7,Type_2 performed on Component_7,33
2024-03-31,Machine_5,899,Type_4,Component_5,Type_4 performed on Component_5,7
2024-01-03,Machine_8,900,Type_5,Component_8,Type_5 performed on Component_8,1
2024-03-14,Machine_7,901,Type_3,Component_6,Type_3 performed on Component_6,31
2024-03-01,Machine_1,902,Type_4,Component_1,Type_4 performed on Component_1,12
2024-03-05,Machine_3,903,Type_2,Component_9,Type_2 performed on Component_9,8
2024-02-19,Machine_9,904,Type_2,Component_6,Type_2 performed on Component_6,15
2024-04-09,Machine_10,905,Type_5,Component_8,Type_5 performed on Component_8,1
2024-02-29,Machine_8,906,Type_5,Component_5,Type_5 performed on Component_5,32
2024-03-20,Machine_5,907,Type_2,Component_2,Type_2 performed on Component_2,27
2024-03-05,Machine_10,908,Type_1,Component_9,Type_1 performed on Component_9,41
2024-01-14,Machine_6,909,Type_4,Component_10,Type_4 performed on Component_10,5
2024-02-28,Machine_8,910,Type_3,Component_8,Type_3 performed on Component_8,1
2024-01-28,Machine_8,911,Type_4,Component_8,Type_4 performed on Component_8,47
2024-02-20,Machine_7,912,Type_4,Component_2,Type_4 performed on Component_2,8
2024-01-10,Machine_2,913,Type_4,Component_8,Type_4 performed on Component_8,7
2024-04-02,Machine_10,914,Type_1,Component_4,Type_1 performed on Component_4,5
2024-04-02,Machine_1,915,Type_2,Component_7,Type_2 performed on Component_7,30
2024-02-15,Machine_4,916,Type_2,Component_2,Type_2 performed on Component_2,39
2024-01-24,Machine_1,917,Type_5,Component_10,Type_5 performed on Component_10,9
2024-04-06,Machine_8,918,Type_4,Component_2,Type_4 performed on Component_2,44
2024-01-07,Machine_8,919,Type_2,Component_4,Type_2 performed on Component_4,38
2024-03-06,Machine_4,920,Type_1,Component_4,Type_1 performed on Component_4,42
2024-03-29,Machine_2,921,Type_4,Component_7,Type_4 performed on Component_7,3
2024-01-14,Machine_3,922,Type_5,Component_4,Type_5 performed on Component_4,42
2024-02-23,Machine_10,923,Type_1,Component_5,Type_1 performed on Component_5,45
2024-03-26,Machine_10,924,Type_3,Component_5,Type_3 performed on Component_5,42
2024-01-08,Machine_9,925,Type_2,Component_9,Type_2 performed on Component_9,17
2024-03-01,Machine_8,926,Type_4,Component_7,Type_4 performed on Component_7,3
2024-01-23,Machine_8,927,Type_3,Component_3,Type_3 performed on Component_3,1
2024-03-08,Machine_6,928,Type_2,Component_10,Type_2 performed on Component_10,28
2024-03-27,Machine_5,929,Type_2,Component_2,Type_2 performed on Component_2,42
2024-02-17,Machine_3,930,Type_5,Component_6,Type_5 performed on Component_6,31
2024-03-30,Machine_2,931,Type_2,Component_10,Type_2 performed on Component_10,9
2024-02-11,Machine_5,932,Type_1,Component_8,Type_1 performed on Component_8,13
2024-03-30,Machine_5,933,Type_3,Component_5,Type_3 performed on Component_5,45
2024-03-06,Machine_9,934,Type_3,Component_8,Type_3 performed on Component_8,47
2024-01-19,Machine_9,935,Type_1,Component_9,Type_1 performed on Component_9,10
2024-02-19,Machine_4,936,Type_5,Component_10,Type_5 performed on Component_10,31
2024-01-19,Machine_4,937,Type_3,Component_2,Type_3 performed on Component_2,46
2024-02-03,Machine_8,938,Type_1,Component_4,Type_1 performed on Component_4,47
2024-01-19,Machine_7,939,Type_2,Component_9,Type_2 performed on Component_9,11
2024-04-05,Machine_8,940,Type_5,Component_5,Type_5 performed on Component_5,9
2024-03-15,Machine_5,941,Type_2,Component_8,Type_2 performed on Component_8,24
2024-03-10,Machine_2,942,Type_4,Component_8,Type_4 performed on Component_8,7
2024-04-04,Machine_1,943,Type_2,Component_3,Type_2 performed on Component_3,14
2024-01-18,Machine_5,944,Type_2,Component_2,Type_2 performed on Component_2,21
2024-03-17,Machine_8,945,Type_1,Component_4,Type_1 performed on Component_4,31
2024-03-17,Machine_9,946,Type_1,Component_2,Type_1 performed on Component_2,4
2024-04-09,Machine_6,947,Type_1,Component_8,Type_1 performed on Component_8,14
2024-02-07,Machine_9,948,Type_2,Component_8,Type_2 performed on Component_8,1
2024-03-08,Machine_10,949,Type_5,Component_4,Type_5 performed on Component_4,6
2024-03-25,Machine_4,950,Type_3,Component_2,Type_3 performed on Component_2,33
2024-02-25,Machine_4,951,Type_3,Component_2,Type_3 performed on Component_2,28
2024-04-03,Machine_3,952,Type_2,Component_6,Type_2 performed on Component_6,1
2024-01-16,Machine_5,953,Type_3,Component_6,Type_3 performed on Component_6,10
2024-03-08,Machine_10,954,Type_1,Component_10,Type_1 performed on Component_10,2
2024-01-05,Machine_1,955,Type_1,Component_3,Type_1 performed on Component_3,35
2024-01-22,Machine_7,956,Type_2,Component_10,Type_2 performed on Component_10,26
2024-01-19,Machine_3,957,Type_2,Component_10,Type_2 performed on Component_10,38
2024-01-21,Machine_9,958,Type_5,Component_9,Type_5 performed on Component_9,19
2024-02-07,Machine_2,959,Type_2,Component_4,Type_2 performed on Component_4,21
2024-02-20,Machine_8,960,Type_3,Component_7,Type_3 performed on Component_7,42
2024-01-11,Machine_3,961,Type_4,Component_2,Type_4 performed on Component_2,34
2024-01-28,Machine_7,962,Type_1,Component_5,Type_1 performed on Component_5,11
2024-02-22,Machine_5,963,Type_2,Component_2,Type_2 performed on Component_2,46
2024-02-20,Machine_1,964,Type_5,Component_1,Type_5 performed on Component_1,31
2024-01-15,Machine_1,965,Type_5,Component_5,Type_5 performed on Component_5,44
2024-03-08,Machine_4,966,Type_1,Component_9,Type_1 performed on Component_9,22
2024-03-18,Machine_10,967,Type_2,Component_5,Type_2 performed on Component_5,14
2024-02-19,Machine_9,968,Type_4,Component_3,Type_4 performed on Component_3,3
2024-03-11,Machine_3,969,Type_2,Component_5,Type_2 performed on Component_5,2
2024-02-16,Machine_4,970,Type_3,Component_4,Type_3 performed on Component_4,45
2024-01-31,Machine_2,971,Type_4,Component_5,Type_4 performed on Component_5,37
2024-03-25,Machine_6,972,Type_5,Component_1,Type_5 performed on Component_1,3
2024-03-01,Machine_7,973,Type_3,Component_10,Type_3 performed on Component_10,13
2024-01-29,Machine_6,974,Type_5,Component_4,Type_5 performed on Component_4,46
2024-04-05,Machine_9,975,Type_5,Component_10,Type_5 performed on Component_10,18
2024-03-13,Machine_5,976,Type_5,Component_2,Type_5 performed on Component_2,10
2024-02-15,Machine_2,977,Type_4,Component_10,Type_4 performed on Component_10,35
2024-03-05,Machine_4,978,Type_4,Component_10,Type_4 performed on Component_10,36
2024-01-12,Machine_2,979,Type_5,Component_6,Type_5 performed on Component_6,16
2024-03-10,Machine_3,980,Type_2,Component_1,Type_2 performed on Component_1,33
2024-02-04,Machine_9,981,Type_3,Component_7,Type_3 performed on Component_7,29
2024-01-01,Machine_2,982,Type_4,Component_9,Type_4 performed on Component_9,48
2024-01-05,Machine_7,983,Type_2,Component_8,Type_2 performed on Component_8,16
2024-03-27,Machine_8,984,Type_2,Component_1,Type_2 performed on Component_1,34
2024-04-05,Machine_3,985,Type_5,Component_10,Type_5 performed on Component_10,2
2024-03-07,Machine_5,986,Type_5,Component_5,Type_5 performed on Component_5,38
2024-01-13,Machine_9,987,Type_5,Component_5,Type_5 performed on Component_5,10
2024-02-27,Machine_5,988,Type_5,Component_6,Type_5 performed on Component_6,41
2024-02-22,Machine_9,989,Type_1,Component_6,Type_1 performed on Component_6,1
2024-02-02,Machine_4,990,Type_5,Component_4,Type_5 performed on Component_4,35
2024-01-20,Machine_9,991,Type_1,Component_10,Type_1 performed on Component_10,27
2024-01-12,Machine_6,992,Type_4,Component_7,Type_4 performed on Component_7,45
2024-01-20,Machine_3,993,Type_5,Component_7,Type_5 performed on Component_7,37
2024-03-31,Machine_10,994,Type_4,Component_1,Type_4 performed on Component_1,37
2024-03-17,Machine_1,995,Type_2,Component_2,Type_2 performed on Component_2,14
2024-03-08,Machine_2,996,Type_3,Component_5,Type_3 performed on Component_5,35
2024-03-27,Machine_9,997,Type_1,Component_10,Type_1 performed on Component_10,38
2024-01-01,Machine_6,998,Type_2,Component_7,Type_2 performed on Component_7,5
2024-01-03,Machine_1,999,Type_4,Component_10,Type_4 performed on Component_10,6
2024-03-15,Machine_7,1000,Type_5,Component_2,Type_5 performed on Component_2,36
